{
  "best_k": 2,
  "silhouette_score": 0.09830904752016068,
  "all_scores": {
    "2": {
      "silhouette": 0.09830904752016068,
      "inertia": 181923.703125
    },
    "3": {
      "silhouette": 0.09175436943769455,
      "inertia": 172170.046875
    },
    "4": {
      "silhouette": 0.07308265566825867,
      "inertia": 164619.796875
    },
    "5": {
      "silhouette": 0.06819310039281845,
      "inertia": 157627.578125
    },
    "6": {
      "silhouette": 0.0702439695596695,
      "inertia": 153113.25
    },
    "7": {
      "silhouette": 0.07432770729064941,
      "inertia": 147419.859375
    },
    "8": {
      "silhouette": 0.06991472095251083,
      "inertia": 143796.34375
    },
    "9": {
      "silhouette": 0.07267729938030243,
      "inertia": 139155.203125
    },
    "10": {
      "silhouette": 0.07608678191900253,
      "inertia": 136002.859375
    }
  }
}